cohort,area,k,A,linf,k_lwr,k_upr,temp,model,n
1953,JM,0.22969464926823843,41.48185134710954,294.92042441793035,0.22969464926823843,0.22969464926823843,9.001663994561621,area model,181
1954,JM,0.23862294540301177,42.51881334750475,287.5272201087986,0.23862294540301177,0.23862294540301177,8.816277570451089,area model,196
1955,JM,0.2513773784995317,43.664150065428615,276.20013196900214,0.2513773784995317,0.2513773784995317,9.112563947232768,area model,469
1956,JM,0.27290818929705646,46.813805025990824,270.9218518171182,0.27290818929705646,0.27290818929705646,8.060924729193648,area model,630
1957,JM,0.2736230404149136,47.7685627563025,272.74664199119866,0.2736230404149136,0.2736230404149136,8.678902175513675,area model,833
1958,JM,0.29013090545626746,47.19205848348085,250.9723105483276,0.29013090545626746,0.29013090545626746,8.42435262433528,area model,867
1959,JM,0.2800582215539873,44.7921667949992,242.64416695061203,0.2800582215539873,0.2800582215539873,9.717192861991071,area model,1761
1960,JM,0.2862069553852597,43.798787937303885,240.5397739652386,0.2862069553852597,0.2862069553852597,8.678903553856642,area model,959
1961,JM,0.2663541811203407,45.30745740108601,261.504624524979,0.2663541811203407,0.2663541811203407,9.599698644254866,area model,604
1962,JM,0.2986513253378211,47.09086378123221,249.92050392443295,0.2986513253378211,0.2986513253378211,8.498462824348142,area model,420
1963,FM,0.14482356060700755,36.64203361183923,369.41771780770927,0.14482356060700755,0.14482356060700755,8.872394163600044,area model,179
1963,JM,0.2531689592910124,42.57929397510409,270.6747066167925,0.2531689592910124,0.2531689592910124,8.694608702367347,area model,641
1964,FM,0.19664263935316462,39.66046569237607,317.1303074369878,0.19664263935316462,0.19664263935316462,8.46186771738028,area model,239
1964,JM,0.3133309771282669,47.657391446927264,231.22308824168283,0.3133309771282669,0.3133309771282669,8.40169844824895,area model,406
1965,FM,0.20040746436133275,38.84013035029292,303.2543093483499,0.20040746436133275,0.20040746436133275,8.432306418715843,area model,266
1965,JM,0.23490696834984734,42.95992616735157,283.9988976458378,0.23490696834984734,0.23490696834984734,8.385786670930624,area model,409
1966,FM,0.22091169271750302,42.13126723671094,299.5490461684971,0.22091169271750302,0.22091169271750302,8.428930348744945,area model,396
1966,JM,0.24180793175497892,43.28766828375294,273.19862730660066,0.24180793175497892,0.24180793175497892,8.404859631352647,area model,358
1967,FM,0.18367900111696941,38.894902744902,326.9801521054579,0.18367900111696941,0.18367900111696941,9.253143488011077,area model,563
1967,JM,0.22482440350769287,41.10735797849549,279.472952383508,0.22482440350769287,0.22482440350769287,9.258454390429891,area model,460
1967,SI_HA,0.17446667940595192,38.67524032912773,324.37848048221485,0.17446667940595192,0.17446667940595192,8.541907601422666,area model,220
1968,FM,0.18744756401307097,41.098962533608386,331.407911503467,0.18744756401307097,0.18744756401307097,8.965131049422581,area model,1543
1968,JM,0.2387299019994661,42.486520859037526,268.44769104497277,0.2387299019994661,0.2387299019994661,8.971408901250582,area model,733
1968,SI_EK,0.23606261069116868,46.84615011887008,283.30699655281194,0.23606261069116868,0.23606261069116868,8.155982193802858,area model,157
1968,SI_HA,0.2407404619117505,42.89874531798595,287.27075287322924,0.2407404619117505,0.2407404619117505,8.155982193802858,area model,535
1969,FB,0.2396681111722286,39.32932766063896,266.49712542771874,0.2396681111722286,0.2396681111722286,8.134073199584238,area model,96
1969,FM,0.2271723501435455,44.0473240519138,293.73238051675565,0.2271723501435455,0.2271723501435455,8.826230440766434,area model,946
1969,JM,0.22974796616045623,41.842972142225825,278.329945984623,0.22974796616045623,0.22974796616045623,8.912532472101526,area model,715
1969,SI_EK,0.17074620810539262,37.10880453253934,334.3586317088814,0.17074620810539262,0.17074620810539262,8.31352249522406,area model,245
1969,SI_HA,0.19723734482354371,40.4747758019407,316.14855159324446,0.19723734482354371,0.19723734482354371,8.31352249522406,area model,511
1970,FB,0.23404556493602743,41.933364145839306,275.14995773051896,0.23404556493602743,0.23404556493602743,7.841569826476284,area model,266
1970,FM,0.237016090086939,43.38931982913147,286.02284266772904,0.237016090086939,0.237016090086939,8.575130007055382,area model,575
1970,JM,0.22546238776206218,42.33493963654673,285.07551871619955,0.22546238776206218,0.22546238776206218,8.55382237818614,area model,330
1970,SI_EK,0.20968309543471297,41.98940034785853,331.4461303453205,0.20968309543471297,0.20968309543471297,7.82645656622529,area model,121
1970,SI_HA,0.23529131118446525,43.95841625616873,295.63936520922357,0.23529131118446525,0.23529131118446525,7.82645656622529,area model,304
1971,FB,0.2908245786489042,43.83173250279562,257.617969087304,0.2908245786489042,0.2908245786489042,7.879074797725439,area model,288
1971,FM,0.20094441303444088,41.62804826986405,322.56104706614536,0.20094441303444088,0.20094441303444088,8.610077257052437,area model,1229
1971,JM,0.23400134470657866,42.91450155901354,286.7587849753439,0.23400134470657866,0.23400134470657866,8.745864128432636,area model,613
1971,SI_EK,0.21590020314705702,40.78318371169951,276.77598153997394,0.21590020314705702,0.21590020314705702,8.111721360338272,area model,108
1971,SI_HA,0.22041334179812183,42.65801374998874,309.8308837031965,0.22041334179812183,0.22041334179812183,8.111721360338272,area model,313
1972,BT,0.2440880490950906,45.608864900106624,292.5893097836605,0.2440880490950906,0.2440880490950906,9.109436219801038,area model,422
1972,FB,0.3235654620206202,49.06977418199847,224.8162334597331,0.3235654620206202,0.3235654620206202,8.386402555128374,area model,745
1972,FM,0.24686666419849357,46.58529432074075,293.8348206619054,0.24686666419849357,0.24686666419849357,9.109436219801038,area model,3884
1972,JM,0.2031139698463092,41.97415560546248,315.5272980257925,0.2031139698463092,0.2031139698463092,8.918104993776213,area model,770
1972,SI_EK,0.19654798993506473,43.43145049518592,338.2386113664599,0.19654798993506473,0.19654798993506473,8.682438814581195,area model,162
1972,SI_HA,0.18307354954667365,42.2563292969155,357.7777418595806,0.18307354954667365,0.18307354954667365,8.682438814581195,area model,333
1973,BT,0.24836457225304281,45.16302001075716,276.88630995221274,0.24836457225304281,0.24836457225304281,9.46972790580284,area model,635
1973,FB,0.35119176471013774,49.13507690741683,213.99939483439283,0.35119176471013774,0.35119176471013774,8.70685672424765,area model,766
1973,FM,0.26688072041600014,46.56708673233747,266.3694922468774,0.26688072041600014,0.26688072041600014,9.46972790580284,area model,1235
1973,JM,0.2325412058525683,44.01920435464969,295.8324259863829,0.2325412058525683,0.2325412058525683,7.109741392308093,area model,450
1973,SI_EK,0.18674292849743296,40.991749989769,339.66589017331535,0.18674292849743296,0.18674292849743296,8.777483734324894,area model,164
1973,SI_HA,0.16470856706631987,41.82088749704497,388.8205137578103,0.16470856706631987,0.16470856706631987,12.686317378528454,area model,172
1974,BT,0.2045696834735466,40.02879393686512,301.63539100563514,0.2045696834735466,0.2045696834735466,9.32964220121711,area model,408
1974,FB,0.3120346117763298,45.76545644140842,227.10266412805507,0.3120346117763298,0.3120346117763298,8.68576323209106,area model,619
1974,FM,0.2735640731254699,46.17087590630118,263.4036656875522,0.2735640731254699,0.2735640731254699,9.32964220121711,area model,2358
1974,JM,0.24320408851271638,44.73671375793236,288.3935542743617,0.24320408851271638,0.24320408851271638,5.70093708458906,area model,491
1974,SI_EK,0.20601055058475548,44.80012464536866,336.3588469830081,0.20601055058475548,0.20601055058475548,8.446954823523521,area model,182
1974,SI_HA,0.17723378860874836,39.80549112663225,358.85512405537065,0.17723378860874836,0.17723378860874836,10.0054679893632,area model,208
1975,BT,0.19718703266275672,39.13395034816867,292.7610787856088,0.19718703266275672,0.19718703266275672,7.712279065537047,area model,452
1975,FB,0.2672057158931087,40.84163955257219,236.7561045349598,0.2672057158931087,0.2672057158931087,9.186953759522623,area model,498
1975,FM,0.24218881403789672,44.074319489344575,280.95776540873857,0.24218881403789672,0.24218881403789672,7.712279065537047,area model,941
1975,JM,0.24987525922025122,47.05187547709723,296.4318165460834,0.24987525922025122,0.24987525922025122,7.99450443981353,area model,574
1975,SI_EK,0.2692315571120411,47.021357634852905,267.97740498621505,0.2692315571120411,0.2692315571120411,9.128895328956569,area model,236
1975,SI_HA,0.21713495217565684,44.0509536224049,307.2771125977433,0.21713495217565684,0.21713495217565684,16.157324644289456,area model,248
1976,FB,0.19137317655137662,37.391600297717574,299.2865616145009,0.19137317655137662,0.19137317655137662,7.077320202144715,area model,235
1976,FM,0.235105664872586,42.18339771093198,279.59455115313324,0.235105664872586,0.235105664872586,7.369412707009459,area model,330
1976,JM,0.22730005388986643,43.108821959686956,303.0106659077998,0.22730005388986643,0.22730005388986643,8.07585964927759,area model,356
1976,SI_EK,0.23662797304765504,42.77635852802955,286.7142559853582,0.23662797304765504,0.23662797304765504,7.788082141847801,area model,160
1976,SI_HA,0.1621194832931807,42.28540709993418,400.94037378141564,0.1621194832931807,0.1621194832931807,15.227383358464897,area model,259
1977,FB,0.22806481149767904,35.44824358177635,244.1786863240098,0.22806481149767904,0.22806481149767904,5.78507019532838,area model,72
1977,FM,0.2032744732486604,41.40305404412869,301.1611825785012,0.2032744732486604,0.2032744732486604,5.892301698670889,area model,305
1977,JM,0.18355591499907176,44.10264386569608,369.9240852276007,0.18355591499907176,0.18355591499907176,6.743714398857191,area model,190
1977,SI_EK,0.19584586534178328,39.19783498311644,330.936153526156,0.19584586534178328,0.19584586534178328,7.582382814790146,area model,60
1977,SI_HA,0.18697065255470285,44.29761424067621,390.8717685371504,0.18697065255470285,0.18697065255470285,14.558182820693949,area model,388
1978,BT,0.13345310710138616,39.07814918712165,475.74437201007186,0.13345310710138616,0.13345310710138616,5.865303586501647,area model,90
1978,FB,0.2489819992422751,41.75741998295518,258.1972591510079,0.2489819992422751,0.2489819992422751,6.365686146420947,area model,315
1978,FM,0.23699464246461985,43.83489770581507,295.520453622509,0.23699464246461985,0.23699464246461985,5.865303586501647,area model,366
1978,JM,0.18953995403429777,40.430170338830614,346.5949423744352,0.18953995403429777,0.18953995403429777,6.804376682314344,area model,347
1978,SI_HA,0.19900486820932234,47.10391850213132,383.9803386407574,0.19900486820932234,0.19900486820932234,14.69025380752513,area model,428
1979,BT,0.20283015732003004,42.57959704989123,321.4700786641718,0.20283015732003004,0.20283015732003004,6.135725626588578,area model,145
1979,FB,0.2679059218683422,42.64172126448731,245.9320743932336,0.2679059218683422,0.2679059218683422,6.976190635254529,area model,457
1979,FM,0.21650759799143054,41.69243611986195,300.2687408779504,0.21650759799143054,0.21650759799143054,6.135725626588578,area model,593
1979,JM,0.20464243198701215,41.81849607417138,306.74815462164776,0.20464243198701215,0.20464243198701215,4.954296199097591,area model,336
1979,SI_HA,0.14868223837930852,43.823473410191326,421.40957389728266,0.14868223837930852,0.14868223837930852,12.90131526387629,area model,456
1980,BT,0.24527641371083542,44.97559158956065,298.28977473470803,0.24527641371083542,0.24527641371083542,7.241499703509931,area model,366
1980,FB,0.23846497497635108,40.6253661275718,262.27663046733295,0.23846497497635108,0.23846497497635108,6.438716233180572,area model,1160
1980,FM,0.21948375647875998,42.13658517945376,299.14164979567624,0.21948375647875998,0.21948375647875998,7.241499703509931,area model,1131
1980,JM,0.16078872466177474,37.92149869692918,367.09985509220576,0.16078872466177474,0.16078872466177474,7.691836114467945,area model,1146
1980,SI_EK,0.14844128966016992,41.157834562400076,408.7290270016022,0.14844128966016992,0.14844128966016992,7.519243657698256,area model,343
1980,SI_HA,0.15584314548733486,42.40141809219084,409.4122313997762,0.15584314548733486,0.15584314548733486,14.955419656168235,area model,230
1981,BT,0.2918056787089752,49.91397692467824,271.0187623931973,0.2918056787089752,0.2918056787089752,15.097168571005923,area model,190
1981,FB,0.22709050192541844,39.633293755994856,262.902398507685,0.22709050192541844,0.22709050192541844,6.609579376419371,area model,403
1981,FM,0.23969322255046682,43.41673513759362,279.27421202462926,0.23969322255046682,0.23969322255046682,6.951410099172593,area model,737
1981,JM,0.2132644047142729,42.28168372506244,294.98149605075696,0.2132644047142729,0.2132644047142729,7.331464455378951,area model,602
1981,MU,0.2135463118221815,39.32082714771098,328.5977690309008,0.2135463118221815,0.2135463118221815,6.6135435696606075,area model,150
1981,SI_EK,0.13946453088729066,38.970123857559,412.12080630443796,0.13946453088729066,0.13946453088729066,7.5410658826976915,area model,143
1981,SI_HA,0.15323068889714928,42.10664044941727,427.37535830944756,0.15323068889714928,0.15323068889714928,13.95780433866325,area model,336
1982,BT,0.21247787755087613,44.15019107932163,316.64803965352417,0.21247787755087613,0.21247787755087613,15.18380873080516,area model,222
1982,FB,0.23398281175867597,40.67904970704452,271.94546528848207,0.23398281175867597,0.23398281175867597,6.31808901972233,area model,682
1982,FM,0.22789173455288486,44.17238111432812,282.32535879771825,0.22789173455288486,0.22789173455288486,6.581500981797535,area model,1304
1982,HO,0.13049249911241978,36.20083450367932,443.3181380978557,0.13049249911241978,0.13049249911241978,5.271646171851134,area model,192
1982,JM,0.27314266857619085,47.967265304716,270.61829510722964,0.27314266857619085,0.27314266857619085,5.842045664909436,area model,1484
1982,MU,0.18488348727786671,38.95386408647408,322.9977520709045,0.18488348727786671,0.18488348727786671,6.773026955002377,area model,158
1982,SI_EK,0.23913757597390506,50.45321254442329,310.41335261006907,0.23913757597390506,0.23913757597390506,7.868030887796473,area model,244
1982,SI_HA,0.19648274870076265,45.08554683237946,359.76318969427314,0.19648274870076265,0.19648274870076265,14.50565244446275,area model,415
1983,BT,0.19449192493955134,50.501514173028006,379.02727115282295,0.19449192493955134,0.19449192493955134,15.940900492922582,area model,381
1983,FB,0.2110483777119384,40.52078337140352,295.697187872253,0.2110483777119384,0.2110483777119384,6.896962584938096,area model,782
1983,FM,0.1953606800748926,37.93354815149831,289.15019013573215,0.1953606800748926,0.1953606800748926,7.373155005794497,area model,1173
1983,HO,0.21793220876490632,45.38977486793047,330.12606686755146,0.21793220876490632,0.21793220876490632,6.070171179194214,area model,350
1983,JM,0.26004161867364983,45.288846811938384,263.1180837065859,0.26004161867364983,0.26004161867364983,6.681890936442383,area model,325
1983,MU,0.2038419154487519,41.06569223802637,296.77675874937205,0.2038419154487519,0.2038419154487519,7.246497086403802,area model,339
1983,SI_HA,0.1314507192195229,40.480636765252505,517.6331498875849,0.1314507192195229,0.1314507192195229,15.07621645828444,area model,367
1984,BT,0.17285849940419679,48.3164219074515,405.1343621917139,0.17285849940419679,0.17285849940419679,16.299414001311703,area model,249
1984,FB,0.15745659094307304,36.71286266471155,356.3759664420315,0.15745659094307304,0.15745659094307304,8.007593462400724,area model,836
1984,FM,0.15549324131198694,37.05869079175324,343.3762049486969,0.15549324131198694,0.15549324131198694,8.584381859441697,area model,1081
1984,HO,0.1597806834153527,40.15781379530568,423.70395296849523,0.1597806834153527,0.1597806834153527,5.932491281032511,area model,155
1984,JM,0.16299929807753968,35.31312749050001,346.48348183090314,0.16299929807753968,0.16299929807753968,8.184341759577402,area model,216
1984,MU,0.1532854835736819,35.615165699916716,359.0869551657346,0.1532854835736819,0.1532854835736819,7.235745696073291,area model,689
1984,SI_HA,0.09652552961561565,40.89627023707262,694.1124652141316,0.09652552961561565,0.09652552961561565,16.166238458876553,area model,324
1985,BS,0.11317597924126015,36.04681426734021,519.1933848911026,0.11317597924126015,0.11317597924126015,6.968617550083675,area model,84
1985,BT,0.16408672488859888,43.947767706861455,423.04643655769183,0.16408672488859888,0.16408672488859888,14.42044664574746,area model,205
1985,FB,0.17406263852217968,37.4082666634083,323.41773846318773,0.17406263852217968,0.17406263852217968,7.427063239882368,area model,724
1985,FM,0.14648948280472415,35.76228831828872,399.5570793772164,0.14648948280472415,0.14648948280472415,9.773564865968,area model,678
1985,JM,0.1719414950935684,39.26987123130545,327.99554129898064,0.1719414950935684,0.1719414950935684,3.3742513576159467,area model,152
1985,MU,0.2013686588117021,39.207723044349734,315.58214160536045,0.2013686588117021,0.2013686588117021,5.91565712759056,area model,574
1985,RA,0.19174970938548566,34.044691794991536,279.46248289512164,0.19174970938548566,0.19174970938548566,5.3702179749072645,area model,375
1985,SI_EK,0.09656030914662095,37.059267926225836,544.4667352979203,0.09656030914662095,0.09656030914662095,7.012018404691917,area model,138
1985,SI_HA,0.09920048227271744,39.871191975644074,628.3840821656613,0.09920048227271744,0.09920048227271744,11.767795506973956,area model,382
1986,BS,0.1261119147578258,37.90741330165675,476.9576021408821,0.1261119147578258,0.1261119147578258,7.468588196425387,area model,257
1986,BT,0.16948360615873112,49.38615226309419,419.20067528913023,0.16948360615873112,0.16948360615873112,15.363271235430345,area model,160
1986,FB,0.17221908652182052,39.31644401451484,340.185750689824,0.17221908652182052,0.17221908652182052,6.059764902939647,area model,579
1986,FM,0.1457568777289363,36.65524054054785,396.25428955072147,0.1457568777289363,0.1457568777289363,15.026159663853871,area model,628
1986,HO,0.1454281718031744,40.165580526102985,440.0260420231658,0.1454281718031744,0.1454281718031744,5.190657987142836,area model,50
1986,JM,0.11666780459759149,35.075004053866515,442.18895117822416,0.11666780459759149,0.11666780459759149,4.930268877332312,area model,279
1986,MU,0.1901143116139738,42.40380865770787,354.3297502305857,0.1901143116139738,0.1901143116139738,6.246240748975317,area model,521
1986,SI_EK,0.14763258489235237,44.20371175983239,432.3466617974699,0.14763258489235237,0.14763258489235237,7.10500643488803,area model,75
1986,SI_HA,0.11553017065867045,43.23876615856693,558.5952359926121,0.11553017065867045,0.11553017065867045,13.41028017381521,area model,587
1987,BS,0.13951092071514914,35.364673407342785,394.6178704179602,0.13951092071514914,0.13951092071514914,6.2171730926458615,area model,527
1987,BT,0.19222557452538827,48.247889329982925,388.39668650640124,0.19222557452538827,0.19222557452538827,14.621912069579508,area model,237
1987,FB,0.18762763081720502,37.943486760967616,323.246697069759,0.18762763081720502,0.18762763081720502,5.04454917318792,area model,1148
1987,FM,0.1746113335232347,39.714635779467876,364.22959681325045,0.1746113335232347,0.1746113335232347,11.318203731613227,area model,528
1987,HO,0.10724195783204124,38.57288425698612,532.1751141215053,0.10724195783204124,0.10724195783204124,3.994513802399372,area model,260
1987,JM,0.1491825610898999,38.082894405922104,397.35255190845066,0.1491825610898999,0.1491825610898999,6.289325124820116,area model,547
1987,MU,0.17676876330313857,43.50125157165794,369.1480454394989,0.17676876330313857,0.17676876330313857,5.159020587009997,area model,294
1987,SI_EK,0.15284655044081574,42.930608743243596,398.7183838487294,0.15284655044081574,0.15284655044081574,5.545899345405374,area model,186
1987,SI_HA,0.10198300378192593,41.28813966604221,567.5953355753186,0.10198300378192593,0.10198300378192593,13.844881310970951,area model,588
1988,BS,0.23425201729563647,48.150921653325774,317.3632632672251,0.23425201729563647,0.23425201729563647,8.394285853551285,area model,1606
1988,BT,0.20655527738655058,48.44116095109597,405.2864514438887,0.20655527738655058,0.20655527738655058,15.409471555831011,area model,192
1988,FB,0.22655036391430824,43.40450085158903,288.8387807519131,0.22655036391430824,0.22655036391430824,6.2170254871647295,area model,2168
1988,FM,0.17855030869918528,40.96740713931427,358.35493205167086,0.17855030869918528,0.17855030869918528,13.09824043938531,area model,821
1988,HO,0.16573360348099228,42.33884205043128,409.91698723855455,0.16573360348099228,0.16573360348099228,6.310363615851425,area model,1126
1988,JM,0.16445570659020342,41.97672745259669,404.08634831044077,0.16445570659020342,0.16445570659020342,6.399868902698647,area model,1215
1988,MU,0.17595518399368199,43.43553812135028,386.3294487229923,0.17595518399368199,0.17595518399368199,7.190346039351562,area model,464
1988,SI_EK,0.16222173384504818,45.12744661883535,438.19527981700213,0.16222173384504818,0.16222173384504818,5.4865191724468945,area model,298
1988,SI_HA,0.1452086341009985,45.74536695370628,457.14310196048183,0.1452086341009985,0.1452086341009985,14.162385616333356,area model,477
1989,BS,0.2011268249778765,41.63261658683986,321.88657374893126,0.2011268249778765,0.2011268249778765,9.15887813202272,area model,365
1989,BT,0.23584541404063253,54.355434375826185,365.8868882376692,0.23584541404063253,0.23584541404063253,15.88840367793068,area model,173
1989,FB,0.24091702223370354,42.5332272470714,281.79330748309815,0.24091702223370354,0.24091702223370354,6.019247097199741,area model,1128
1989,FM,0.1867557282674193,40.16684949754569,324.6258547688487,0.1867557282674193,0.1867557282674193,8.744904644808594,area model,846
1989,HO,0.1482653702169269,40.14170790937996,430.80269660299643,0.1482653702169269,0.1482653702169269,6.286619787814155,area model,262
1989,JM,0.1851987740618354,46.83364901928614,389.15411182439453,0.1851987740618354,0.1851987740618354,8.29847162333074,area model,197
1989,MU,0.17915200156731229,43.73653477791475,382.5100632628159,0.17915200156731229,0.17915200156731229,7.858223469291264,area model,340
1989,SI_EK,0.15275799357967373,40.97605187752974,433.7261509337419,0.15275799357967373,0.15275799357967373,8.529781040501106,area model,145
1989,SI_HA,0.1084140846251173,42.346366489123625,587.2949998405117,0.1084140846251173,0.1084140846251173,15.77639539015793,area model,367
1990,BS,0.17221603796373908,42.6702017962978,342.6225077450912,0.17221603796373908,0.17221603796373908,9.391984106845603,area model,460
1990,BT,0.1740642827104559,51.15040137312136,410.6606252378521,0.1740642827104559,0.1740642827104559,15.504364468197274,area model,178
1990,FB,0.22408818387440407,41.82395916949372,283.5110776234514,0.22408818387440407,0.22408818387440407,6.719819947055541,area model,849
1990,FM,0.210399942166431,44.86929510632621,321.9230139410089,0.210399942166431,0.210399942166431,11.5589144533374,area model,1126
1990,HO,0.14504126153757854,42.85676338501887,472.827688710058,0.14504126153757854,0.14504126153757854,6.563313056911661,area model,321
1990,JM,0.17100843747313038,42.552158275566775,402.58284768324415,0.17100843747313038,0.17100843747313038,11.052605829861898,area model,190
1990,MU,0.21218025637936458,46.952483955973086,347.113668750965,0.21218025637936458,0.21218025637936458,8.015465389280994,area model,450
1990,SI_EK,0.10901726387621563,36.328254090212,553.3111609559792,0.10901726387621563,0.10901726387621563,9.21577313643336,area model,45
1990,SI_HA,0.09272844100573534,41.557197468278034,651.6415990726672,0.09272844100573534,0.09272844100573534,16.469464253094557,area model,272
1991,BS,0.2048692332149612,43.780138715669374,323.8505848684029,0.2048692332149612,0.2048692332149612,8.590008741583905,area model,559
1991,BT,0.2766190430837643,52.98603619214468,312.320566154401,0.2766190430837643,0.2766190430837643,15.57436770995487,area model,239
1991,FB,0.20559225041893364,41.57235940698229,310.4507357290491,0.20559225041893364,0.20559225041893364,8.182777757990099,area model,910
1991,FM,0.20864531673367978,43.05366720993673,309.86273336291697,0.20864531673367978,0.20864531673367978,11.580849377202645,area model,1320
1991,HO,0.1389075250653673,43.66330157876967,475.995335275431,0.1389075250653673,0.1389075250653673,6.643654135989727,area model,120
1991,JM,0.1912315783021779,46.400522949847655,375.8167204702176,0.1912315783021779,0.1912315783021779,8.859119727962764,area model,279
1991,MU,0.22171088215385218,47.74724190246591,322.46014903563884,0.22171088215385218,0.22171088215385218,6.5277484875969325,area model,553
1991,RA,0.3509307911241455,52.055311991835765,234.3971319998559,0.3509307911241455,0.3509307911241455,7.140257745268709,area model,190
1991,SI_EK,0.08900018457050794,45.64973250413592,791.0841951870875,0.08900018457050794,0.08900018457050794,8.712927516003028,area model,45
1991,SI_HA,0.10647446917072349,43.62387757464575,657.3204788339281,0.10647446917072349,0.10647446917072349,15.579678983468993,area model,295
1992,BS,0.15500410214580657,39.11939923944161,390.380559865254,0.15500410214580657,0.15500410214580657,8.09118850991034,area model,526
1992,BT,0.240627214121514,49.289345823383734,292.15560053010023,0.240627214121514,0.240627214121514,16.09389412053591,area model,100
1992,FB,0.19711755080284957,41.67685947356352,314.8967566854517,0.19711755080284957,0.19711755080284957,7.973353336234967,area model,842
1992,FM,0.1958464724796496,42.393593529302144,332.23566028471316,0.1958464724796496,0.1958464724796496,8.701041557724787,area model,1116
1992,HO,0.09942317682912037,40.79692475166561,651.6415653382062,0.09942317682912037,0.09942317682912037,6.420155857524786,area model,246
1992,JM,0.1473212813664651,39.29472737651729,430.39588920991287,0.1473212813664651,0.1473212813664651,9.812958780785827,area model,490
1992,MU,0.2018327182191396,46.611037289508275,339.31539679414254,0.2018327182191396,0.2018327182191396,7.456042332084151,area model,258
1992,RA,0.20991675430795437,36.214330698607895,280.7915336947249,0.20991675430795437,0.20991675430795437,8.083418303802212,area model,55
1992,SI_HA,0.10820468605081685,47.00215156020884,675.5889310333273,0.10820468605081685,0.10820468605081685,14.234058092111148,area model,178
1993,BS,0.1757755713363119,39.66846283910812,396.41177888608814,0.1757755713363119,0.1757755713363119,7.873870131860598,area model,163
1993,BT,0.17968707474204101,49.939536958217744,463.0337341901835,0.17968707474204101,0.17968707474204101,15.937421932673976,area model,140
1993,FB,0.20354477986913677,40.86900943242765,317.07409411564134,0.20354477986913677,0.20354477986913677,7.466378898542053,area model,471
1993,FM,0.19785808653080586,42.19723395969977,333.3104921768498,0.19785808653080586,0.19785808653080586,7.873266738276953,area model,868
1993,HO,0.10330274067009693,40.64505151467641,577.3758492806671,0.10330274067009693,0.10330274067009693,5.387058022928597,area model,439
1993,JM,0.15783954209830625,41.540879003846776,393.9720773599953,0.15783954209830625,0.15783954209830625,8.763079418406978,area model,230
1993,MU,0.140593296498791,37.46135584461941,391.6739757979099,0.140593296498791,0.140593296498791,6.1383235039582145,area model,283
1993,RA,0.1665739297514483,36.181196395289035,310.6110407984847,0.1665739297514483,0.1665739297514483,6.165510368102082,area model,65
1993,SI_HA,0.1033878372729454,45.88658756820862,672.980442534879,0.1033878372729454,0.1033878372729454,14.4984256232425,area model,163
1994,BS,0.1510275948532294,40.21142484104518,417.14211736687776,0.1510275948532294,0.1510275948532294,8.390979512991695,area model,567
1994,BT,0.20049775097852135,50.575905846609494,420.6460027488831,0.20049775097852135,0.20049775097852135,16.56454907982102,area model,90
1994,FB,0.1970558643000872,40.90788437308733,319.1612229283619,0.1970558643000872,0.1970558643000872,8.164604571797462,area model,1696
1994,FM,0.2418093132774005,46.50560459531313,298.0389299937671,0.2418093132774005,0.2418093132774005,10.175336290198318,area model,1088
1994,HO,0.1354195940454989,41.26561266372756,476.6744291595276,0.1354195940454989,0.1354195940454989,7.712249589691854,area model,486
1994,MU,0.23188998801676125,46.56952996226626,317.099274602453,0.23188998801676125,0.23188998801676125,5.239569196307262,area model,226
1994,RA,0.16442588604527225,36.25296552054132,349.39024598494564,0.16442588604527225,0.16442588604527225,6.824735920000377,area model,85
1994,SI_HA,0.1621127372869974,49.03754582387307,501.85344493375004,0.1621127372869974,0.1621127372869974,15.89520555719149,area model,219
1995,BS,0.16953055952782362,41.8666463352658,370.02877183802644,0.16953055952782362,0.16953055952782362,9.306483872958358,area model,377
1995,BT,0.18253766165984434,64.45267705692264,563.5086845569117,0.18253766165984434,0.18253766165984434,15.336043891810249,area model,97
1995,FB,0.1987716146108739,42.51891021202811,332.1326755672448,0.1987716146108739,0.1987716146108739,8.106556532406952,area model,799
1995,FM,0.2148012841963261,45.678734060028596,323.50251403767606,0.2148012841963261,0.2148012841963261,9.217792883239902,area model,900
1995,HO,0.15581563353664024,42.20597660881093,434.4490220601177,0.15581563353664024,0.15581563353664024,5.96908356971389,area model,135
1995,JM,0.19484002812695272,42.167636380188405,344.9462372878544,0.19484002812695272,0.19484002812695272,10.358747966901912,area model,288
1995,MU,0.21391265841153753,45.27854634266407,320.73321766422373,0.21391265841153753,0.21391265841153753,7.303590946571211,area model,256
1995,RA,0.18133299593930297,42.679492943216445,350.98983519170474,0.18133299593930297,0.18133299593930297,3.058583630764813,area model,95
1995,SI_HA,0.10564357152221311,43.50871624505554,584.0736315319897,0.10564357152221311,0.10564357152221311,14.392875572634182,area model,190
1996,BS,0.24728549019172058,48.76389918691673,313.5096626034534,0.24728549019172058,0.24728549019172058,7.752783427159296,area model,330
1996,FB,0.2297830341044627,43.5225707703437,299.3248002042934,0.2297830341044627,0.2297830341044627,7.872606451265009,area model,797
1996,FM,0.24765691032717443,49.12814527212277,291.3564078127154,0.24765691032717443,0.24765691032717443,9.721512411885987,area model,543
1996,HO,0.16055226206064524,44.47365432223761,422.6023534148786,0.16055226206064524,0.16055226206064524,6.21313891450682,area model,90
1996,JM,0.2042630971959797,44.739286837978995,345.6579888451924,0.2042630971959797,0.2042630971959797,8.789921601153736,area model,70
1996,MU,0.2325534092877416,49.26680600406683,317.64166490073586,0.2325534092877416,0.2325534092877416,6.669411279671433,area model,331
1996,RA,0.19913153073160147,41.99779260420932,345.5295735853868,0.19913153073160147,0.19913153073160147,6.078305198948287,area model,145
1996,SI_HA,0.12225017682463767,52.34111367087537,639.5463444241827,0.12225017682463767,0.12225017682463767,13.838881113335756,area model,85
1997,BS,0.1560771404200647,38.57030706983327,371.7990581402666,0.1560771404200647,0.1560771404200647,11.763608337581871,area model,574
1997,FB,0.1976081004527877,41.22437543556748,330.6787831191541,0.1976081004527877,0.1976081004527877,9.334005883816552,area model,1891
1997,FM,0.15733440606094215,42.714937819187256,402.90612743281605,0.15733440606094215,0.15733440606094215,9.146887681342587,area model,626
1997,HO,0.16895059576075216,43.09597691199533,404.74220784021213,0.16895059576075216,0.16895059576075216,7.4361733785522,area model,114
1997,JM,0.18685811056814788,45.4532820275639,365.9074840819987,0.18685811056814788,0.18685811056814788,11.402488432686392,area model,540
1997,MU,0.19349251998137207,43.77577773360927,344.83896995579136,0.19349251998137207,0.19349251998137207,7.96848041084468,area model,635
1997,RA,0.14258816703007246,33.45048782954007,366.35043175355037,0.14258816703007246,0.14258816703007246,7.890678287972198,area model,392
1998,BS,0.16722542655326433,40.777340039878425,397.1380957228121,0.16722542655326433,0.16722542655326433,7.266937588034809,area model,70
1998,FB,0.22674639473401542,43.96499767614196,292.7149470795433,0.22674639473401542,0.22674639473401542,7.687057648263827,area model,312
1998,FM,0.20586779396713512,44.0860960540405,330.6503667753272,0.20586779396713512,0.20586779396713512,8.155815215207419,area model,105
1998,HO,0.1285934488309718,40.208765319031386,512.8465280463304,0.1285934488309718,0.1285934488309718,5.784691656651176,area model,75
1998,RA,0.1926458668411592,36.61281445015474,293.7056017163594,0.1926458668411592,0.1926458668411592,5.78356044107451,area model,105
1999,BS,0.15936087020525605,44.26788328824408,425.6095085794539,0.15936087020525605,0.15936087020525605,8.848513515210197,area model,700
1999,FB,0.19035517413002867,44.468655754436305,362.7592815869668,0.19035517413002867,0.19035517413002867,9.869847594729675,area model,1215
1999,FM,0.10868821170286744,44.9469948445699,627.4884929785662,0.10868821170286744,0.10868821170286744,9.03238020377757,area model,65
1999,HO,0.10153449669117633,42.92996548703232,652.7590280293779,0.10153449669117633,0.10153449669117633,5.066747189980654,area model,55
1999,JM,0.23150012809904688,52.95908790622405,381.4726124009175,0.23150012809904688,0.23150012809904688,10.45295261146399,area model,171
1999,MU,0.17553283040317208,49.633977619258935,421.95813183892744,0.17553283040317208,0.17553283040317208,7.7955071972009105,area model,150
1999,RA,0.124622459943254,36.02737914178813,419.8385150753706,0.124622459943254,0.124622459943254,5.71350959282644,area model,558
2000,BS,0.2018402883933852,48.60052408244384,359.1815291989577,0.2018402883933852,0.2018402883933852,8.572677079077359,area model,238
2000,FB,0.2865814199330333,50.93048171609525,310.5479814811057,0.2865814199330333,0.2865814199330333,9.271856611150763,area model,303
2000,HO,0.12130878533480904,47.023902667310644,588.5903585353609,0.12130878533480904,0.12130878533480904,7.0694272481214435,area model,60
2000,JM,0.20493718352345144,49.64644876940593,383.49577441995905,0.20493718352345144,0.20493718352345144,10.839627932224769,area model,153
2000,RA,0.16436130954747658,39.768152674044345,372.9371276360765,0.16436130954747658,0.16436130954747658,6.399400842038842,area model,135
2001,BS,0.3022904093648829,61.482836564672894,319.8366986192669,0.3022904093648829,0.3022904093648829,9.385785830027508,area model,285
2001,FB,0.3107465168026333,56.66774510471148,285.45964426769456,0.3107465168026333,0.3107465168026333,9.779749469456217,area model,1200
2001,HO,0.18195629928024676,49.47142547813017,432.1034313215681,0.18195629928024676,0.18195629928024676,6.767395917963415,area model,150
2001,JM,0.2668711481728382,56.70541677907238,321.5024128264054,0.2668711481728382,0.2668711481728382,10.316562327425226,area model,366
2001,RA,0.12764053117705793,39.235238035503315,448.00277563472036,0.12764053117705793,0.12764053117705793,7.375430408022895,area model,133
2002,FB,0.31323312447541973,53.97818059846583,268.01760685471396,0.31323312447541973,0.31323312447541973,10.634345509099582,area model,1622
2002,HO,0.2501549145426607,58.66713769081412,367.1653491298153,0.2501549145426607,0.2501549145426607,7.701084022233841,area model,167
2002,JM,0.2336844083128492,50.51635580071489,334.49967142310953,0.2336844083128492,0.2336844083128492,11.779628069287424,area model,1001
2002,RA,0.24667678352405895,44.4250354518925,272.47749151131063,0.24667678352405895,0.24667678352405895,8.02344600693371,area model,522
2003,FB,0.24709869451400351,45.71237695988283,297.92369289338126,0.24709869451400351,0.24709869451400351,9.25875481892329,area model,500
2003,HO,0.18949280171491323,47.70333903610684,405.64957583632423,0.18949280171491323,0.18949280171491323,7.989880822365288,area model,460
2003,JM,0.25227626881601495,54.20367974789724,327.4234386299455,0.25227626881601495,0.25227626881601495,10.224344084777105,area model,185
2003,RA,0.22251340366660907,40.82694408546152,266.86465247135385,0.22251340366660907,0.22251340366660907,7.049118478596388,area model,260
2004,FB,0.2491888670682361,45.106454318258145,283.4652878984484,0.2491888670682361,0.2491888670682361,9.01713025638166,area model,359
2004,HO,0.17518807404619197,45.055652744010196,382.7593923046075,0.17518807404619197,0.17518807404619197,7.190173178846815,area model,86
2004,JM,0.2272598949088077,52.40369977725712,368.30812272875863,0.2272598949088077,0.2272598949088077,10.221077091341686,area model,85
2005,FB,0.2501270081960691,46.747264341229496,288.5209902822068,0.2501270081960691,0.2501270081960691,9.41988582932254,area model,963
2005,JM,0.2676429639653148,56.15190283603256,310.6015989864375,0.2676429639653148,0.2676429639653148,10.230137497670531,area model,272
2006,FB,0.20775920610601806,43.97748450768008,322.74637436935456,0.20775920610601806,0.20775920610601806,10.241104061127563,area model,1277
2006,HO,0.23223093755559143,49.663867412201256,371.97218981647995,0.23223093755559143,0.23223093755559143,8.067742472378029,area model,125
2006,JM,0.2634520838694112,52.01367049073361,299.03923498916913,0.2634520838694112,0.2634520838694112,11.780890402841717,area model,585
2006,SI_HA,0.19825084600324355,65.71221391801544,520.313978750312,0.19825084600324355,0.19825084600324355,16.20232174968961,area model,45
2007,FB,0.20537347146386628,43.92965041586705,324.8267081219435,0.20537347146386628,0.20537347146386628,9.033643863506946,area model,858
2007,HO,0.09168108957939594,37.58950115391937,660.2457795093842,0.09168108957939594,0.09168108957939594,7.001865231055411,area model,296
2007,JM,0.20686745927120703,47.293069563411315,350.85272303412654,0.20686745927120703,0.20686745927120703,10.278605120472612,area model,270
2007,SI_HA,0.11418566320524705,46.9845954756921,617.9116083216381,0.11418566320524705,0.11418566320524705,16.39579705504228,area model,80
2008,FB,0.18995274912740712,44.207498161930594,345.8669992493001,0.18995274912740712,0.18995274912740712,9.31665813406616,area model,1340
2008,HO,0.07066498384862992,39.03680014036296,849.8780064707084,0.07066498384862992,0.07066498384862992,6.759886915889415,area model,70
2008,JM,0.1389552833548882,45.16221740347933,468.75126320508485,0.1389552833548882,0.1389552833548882,10.51025424363016,area model,401
2008,SI_EK,0.09346479403441135,46.971550898390475,751.818824636119,0.09346479403441135,0.09346479403441135,9.78369294835449,area model,75
2008,SI_HA,0.10983270065921857,46.42815553182771,616.8739128541163,0.10983270065921857,0.10983270065921857,16.854069553196037,area model,90
2009,FB,0.21687382347025505,47.294487769379586,328.14052162266574,0.21687382347025505,0.21687382347025505,9.244926476774472,area model,671
2009,JM,0.14911600731042268,43.69155862636668,456.4205785664198,0.14911600731042268,0.14911600731042268,9.700724115930122,area model,208
2009,SI_EK,0.13766759325644184,51.826262557277225,608.2487273921502,0.13766759325644184,0.13766759325644184,7.835690456857081,area model,55
2009,SI_HA,0.0940113426460723,45.353509410841724,742.3416585329899,0.0940113426460723,0.0940113426460723,14.653174219183777,area model,110
2010,FB,0.259560733610655,50.1597713905134,301.3378127074468,0.259560733610655,0.259560733610655,8.59267813595541,area model,1584
2010,HO,0.12450667435509433,44.63548521547129,529.4002956034503,0.12450667435509433,0.12450667435509433,6.534168119152847,area model,50
2010,JM,0.16449493117244013,47.73983931752885,447.98617108316176,0.16449493117244013,0.16449493117244013,9.981870076414832,area model,1178
2010,SI_EK,0.1292504337195395,52.38536449998978,670.375418884031,0.1292504337195395,0.1292504337195395,8.935175233024468,area model,125
2010,SI_HA,0.15822852390532582,54.94143843148018,537.656067432268,0.15822852390532582,0.15822852390532582,14.471540810488502,area model,186
2011,FB,0.22196870286986756,44.703599078025974,317.00536591066174,0.22196870286986756,0.22196870286986756,9.787608748757,area model,1108
2011,JM,0.1754273986872981,50.62124034581112,456.5046047224632,0.1754273986872981,0.1754273986872981,10.409054751720502,area model,140
2011,SI_EK,0.15110532999681442,56.813200110869076,585.3611577753173,0.15110532999681442,0.15110532999681442,8.925560565071956,area model,65
2011,SI_HA,0.1340551626262048,54.066051821209896,721.0914427128506,0.1340551626262048,0.1340551626262048,15.03413912451288,area model,142
2012,FB,0.2124313740797502,45.5228029127477,341.51563529652447,0.2124313740797502,0.2124313740797502,8.924310820466538,area model,519
2012,JM,0.18600827458922264,51.01063252384106,453.84188380891663,0.18600827458922264,0.18600827458922264,9.6033537839443035,area model,110
2012,SI_HA,0.11143158199391322,53.99404160029348,720.1635536780576,0.11143158199391322,0.11143158199391322,14.030909987064282,area model,60
2013,FB,0.26740432552052695,49.251904534743744,291.7896311585885,0.26740432552052695,0.26740432552052695,9.826196972898728,area model,670
2013,HO,0.1680399225622421,47.268052367865984,444.2667578459369,0.1680399225622421,0.1680399225622421,7.965255726083074,area model,120
2013,JM,0.2253136755410577,60.28896049366205,413.7198235353358,0.2253136755410577,0.2253136755410577,10.845804182505224,area model,95
2013,SI_HA,0.1314793408199316,56.60802463522432,605.6514105620925,0.1314793408199316,0.1314793408199316,13.037558802222367,area model,80
2014,FB,0.20599907711314294,48.15885208270978,354.0204815406838,0.20599907711314294,0.20599907711314294,10.071422056601596,area model,548
2014,HO,0.12246927004540982,47.28397304268098,608.4397849613367,0.12246927004540982,0.12246927004540982,7.988148313715307,area model,110
2014,JM,0.19960590571962356,52.50574196708183,488.4100649738407,0.19960590571962356,0.19960590571962356,11.637048056243492,area model,170
2015,FB,0.19158378903804027,45.23436802007561,382.07247069096536,0.19158378903804027,0.19158378903804027,9.434379052397206,area model,110
2015,HO,0.11691726460652227,39.4445131743209,519.0325537144571,0.11691726460652227,0.11691726460652227,7.4057546005506785,area model,45
